Workbook

Sheet Feedbackformulier
A1: Peer feedbackformulier - projectgroep
A2: Doel | B2: Vul per toegewezen teamgenoot feedback in over gedrag binnen het team: wat ging goed en wat kan beter. Gebruik concrete voorbeelden en houd het respectvol.
A3: Afspraak | B3: Elke actieve groepsgenoot wordt door precies 2 mensen beoordeeld. Iedereen vult 2 beoordelingen in.
A4: Tip | B4: Maak feedback specifiek: situatie + gedrag + effect + suggestie. Dus niet alleen 'goed bezig', maar waarom/wanneer.
A6: Reviewer | B6: Teamgenoot | C6: Dingen die goed gingen | D6: Dingen die beter kunnen | E6: Suggestie / actiepunt | F6: Samenwerking (1-5) | G6: Communicatie (1-5) | H6: Inzet (1-5)
A7: Nick | B7: Jurgen | C7: Je had een sterke visie en altijd concrete onderbouwing voor die visie. Daarnaast stond je ook open voor tegengas bij die visie en had je geen moeite met die aanpassen als dat zorgt voor een beter resultaat. | D7: Je had een rol als scrum-master en deze had je duidelijker op je mogen nemen. Soms verdween je naar de achtergrond maar jij bent juist het centrale punt voor aansturing en waarborging van de processen. | E7: Probeer meer initiatief te nemen als het aankomt op aansturing/waarborging van de processen bij een leiderschapsrol. | F7: 5 | G7: 4 | H7: 5
A8: Nick | B8: Sahel | C8: Je hebt je ontzettend goed ingezet voor de frontend. Je schakelde goed met de stakeholder en de groep en vroeg regelmatig om feedback wat heeft geresulteerd in een sterk design waar je trots op mag zijn. | D8: In de eerste sprint had je nog meerdere taken op je, ook backend gerelateerd. Uiteindelijk heb ik het initiatief genomen om je te benaderen met het voorstel om jouw takenpakket terug te brengen tot alleen de frontend omdat je naar mijn inziens te veel hooi op je vork had. Ik twijfel niet over of je, zelfs met zoveel hooi op je vork, je best had gedaan voor een goed resultaat. Je mag ook nee zeggen bij toewijzing van taken als je merkt dat er veel van je gevraagd wordt terwijl je kennis nog beperkt is. | E8: Geef duidelijk je grenzen aan, dit voorkomt dat je zelf overspoeld raakt met nieuwe dingen en helpt je bij overzicht houden. | F8: 5 | G8: 4 | H8: 5
A9: Jurgen | B9: Sahel | C9: Je hebt inititief en leiderschap genomen over de front-end, en dit uitendelijk veel beter neergezet dan verwacht was! Je hebt hier echt laten zien dat je verantwoordelijkheid draagt en weet wat je doet. Daarnaast heb je ook initiatief genomen bij de presentatie voor Carla waarbij wij samen de voortgang van het project hebben gepresenteerd. | D9: Je hebt bij het maken van de front-end alles naar jezelf getrokken, wat sterk was, maar je had nog meer om hulp kunnen vragen. We hebben ontzettend veel kennis in onze groep. | E9: Vraag vaker om hulp bij andere, het kan geen kwaad om bepaalde dilemma's neer te leggen in de groep. Je hebt wel advies gevraagd bij de experttafels dus het vragen naar hulp in het algemeen doe je goed, maar binnen de groep kan je er nog extra op letten. | F9: 5 | G9: 4 | H9: 5
A10: Jurgen | B10: Robert | C10: Je onderdeel stond verder af van de rest van de groep, waardoor je min of meer als eilandje moest opereren. Desondanks dat ben je sterk betrokken geweest bij alle processen en overleggen. Je gaf input en dacht mee, ookal ging het niet om je eigen vakgebied. Daarnaast heb je contact opgepakt met Carla, wat getuigd van het feit dat je eigenaarschap neemt. | D10: Je hebt je eigen onderdeel beperkt gedeeld met de groep, ondanks dat het voor de proof of concept niet crusiaal was, is het denk ik wel nog waardevol om vooralsnog je eigen plannen/uitwerkingen meer met de groep te delen. | E10: Probeer binnen de groep meer om hulp te vragen, of deel stukken vaker ter controle. De vakdocent is niet de enige persoon die je verder kan helpen. | F10: 5 | G10: 5 | H10: 5
A11: Sahel | B11: Robert | C11: Goed bereikbaar en toont voldoende inzet, zowel fysiek als online. | D11: Het was voor mij soms onduidelijk hoever hij was met zijn taken binnen het project en hoe die samenhingen met mijn werk. | E11: Probeer meer iteraties van je werk te delen en houdt evt. een logboek bij van je werkzaamheden. | F11: 4 | G11: 4 | H11: 5
A12: Sahel | B12: Tutai | C12: Heel behulpzaam, zelfs met taken van anderen, en deelt zijn AI werk goed met de rest. | D12: Tutai is een ervaren en werkende IT'er, dus soms was er een communicatiekloof tussen hem en mij. | E12: Probeer vakjargon en complexe concepten in simpelere woorden uit te leggen aan groepsleden met minder voorkennis. | F12: 5 | G12: 4 | H12: 5
A13: Robert | B13: Tutai | C13: Het was fijn om met je samen te werken. Vragen die ik had over het product inhoudelijk werden geduldig beantwoord en je stond altijd open om te helpen. De backend die je hebt neergezet was solide en goed gedocumenteerd. | D13: Ik zelf heb vrij weinig verstand van code, dus ik zou het meer waarderen als er meer word gesproken in functionele termen, en niet alleen code technische termen | E13: probeer bij technische uitleg een korte samenvatting te maken voor degen die niet zo into code zijn, zodat iedereen kan volgen wat de status is | F13: 5 | G13: 4 | H13: 5
A14: Robert | B14: Irsad | C14: je was altijd aanwezig bij overleggen en toonde gedurende het project steeds meer innitiatief. De groei was merkbaar en is zeker waardeerbaar. | D14: Als je issues hebt, ergens tegenaanloopt, of ergems moeite mee hebt, ga vooral naar ons toe of naar de docent. | E14: deel vaker tussentijdse updates, ookal zijn het kleine stapjes. Dit helpt het team om beter op elkaar af te stemmen | F14: 5 | G14: 4 | H14: 5
A15: Tutai | B15: Irsad | C15: Heel sterk in documentatie: je Analyse document met 13 hoofdstukken, de testcases en de dataflow-tabel per chatbeurt zijn heel bruikbaar voor mij als backend-developer. Je hebt het AI-team-datacontract (ADR-001 slider, prompt V2.1, AVG-checklist) goed verwerkt in je use cases. | D15: Je code-bijdrage in de repo bleef achter bij wat de taakverdeling Backend Development beschreef. Daardoor pakte ik veel FastAPI-endpoints en chatflow-werk op terwijl dat eigenlijk jouw focus zou zijn. | E15: Begin eerder met klein code-werk parallel aan je documentatie. Pak bijvoorbeeld één endpoint per sprint en zet er een pull request voor open. Zo blijft het werk testbaar en kan ik je tijdig reviewen. | F15: 5 | G15: 5 | H15: 5
A16: Tutai | B16: Bram | C16: Sterke product owner: de Projectscope, Happy Flow en het Samenwerkingsdocument waren steeds up-to-date en gaven mij houvast bij gespreksontwerp. Je stakeholder-contact met Carla is heel betrouwbaar en je houdt de scope strak (Positieve Gezondheid als Won't have, focus op Leefstijlroer). | D16: Scope-wijzigingen vanuit stakeholdergesprekken kwamen soms laat bij het AI-team, waardoor we in de week erna pas konden bijsturen op de prompt en dataset. | E16: Betrek Nick en mij tijdens of direct na het stakeholdergesprek, ook al is het kort. Zo kunnen we dezelfde week schakelen in plaats van een sprint later. | F16: 5 | G16: 5 | H16: 5
A17: Irsad | B17: Bram | C17: Enorm tevreden met hoe jij de touwtjes in handen weet te pakken en te werk gaat binnen onze groep. Je laat duidelijk leiderschao merken binnen de groep op deze manier. Wat dit nog indrukwekkernder maakt voor mij is het feit dat je 2 gezonde kinderen hebt gekregen midden in het project. Kudos! | D17: Geen op of aanmerkingen. Ik heb het samen werken met jou als heel fijn ervaren. | E17: / | F17: 5 | G17: 5 | H17: 5
A18: Irsad | B18: Nick | C18: Heel erg onder de indruk van jouw kennis over AI. Dit heeft enorm geholpen tijdens het project bij vragen of onduidelijkheden die ik had. Je hebt geen moment geaarzeld om mij uitleg te geven of te helpen, dit kon ik enorm waarderen. | D18: Had je graag nog wat vaker in het echt gezien. Buiten dat om geen op- of aanmerkingen. Altijd aanwezig al is het online :) | E18: / | F18: 5 | G18: 5 | H18: 5
... A20: Bram | B20: Jurgen | C20: Als eerste: complimenten! Je was er altijd en je was betrouwbaar, en dat is meer waard dan het klinkt. Ik kon echt op je rekenen! Je had een positieve invloed op de groep, hielp het project vooruit en je bent een fijn iemand om mee samen te werken. Dat wilde ik hier even kwijt, bedankt! | D20: Probeer een volgende keer iets eerder op de rit te hebben wat je moet doen om je hoofddoel te bereiken. Je hoofddoel was dit semester halen; een aantal weken voor de deadline kwam je erachter dat je daar nog wat extra stappen voor moest zetten. Dat heb je vervolgens keurig opgepakt, dus complimenten daarvoor! Mijn tip is wel: zorg dat je in het vervolg eerder helder hebt wat je persoonlijke doel en het groepsdoel zijn, en probeer die belangen zo snel mogelijk met elkaar te verenigen. Het is ideaal als het ene doel het andere ondersteunt, bij voorkeur al aan het begin van een project. Daarnaast houdt de rol van scrummaster in de praktijk vaak wat meer in, maar voor een eerste keer, zeker omdat je aangaf dat het nieuw voor je was, heb je het uitstekend gedaan! | E20: / | F20: 5 | G20: 5 | H20: 5

Sheet Overzicht
A1: Verdeling peer feedback
A3: Regel | B3: Uitleg | C3: Check
A4: Beoordeeld worden | B4: Elke actieve groepsgenoot krijgt feedback van 2 mensen. | C4: Zie kolom Totaal ontvangen
A5: Beoordelen | B5: Iedereen geeft feedback aan 2 teamgenoten. | C5: Zie rij Totaal gegeven
A6: Geen zelf-feedback | B6: Niemand beoordeelt zichzelf. | C6: Diagonaal blijft leeg
A9: Reviewer \ Teamgenoot | B9: Nick | C9: Jurgen | D9: Sahel | E9: Robert | F9: Tutai | G9: Irsad | H9: Bram | I9: Totaal gegeven
A10: Nick | C10: X | D10: X | I10: 2
A11: Jurgen | D11: X | E11: X | I11: 2
A12: Sahel | E12: X | F12: X | I12: 2
A13: Robert | F13: X | G13: X | I13: 2
A14: Tutai | G14: X | H14: X | I14: 2
A15: Irsad | B15: X | H15: X | I15: 2
A16: Bram | B16: X | C16: X | I16: 2
A17: Totaal ontvangen | B17: =COUNTIF(B10:B16,"X") -> 2 | C17: =COUNTIF(C10:C16,"X") -> 2 | D17: =COUNTIF(D10:D16,"X") -> 2 | E17: =COUNTIF(E10:E16,"X") -> 2 | F17: =COUNTIF(F10:F16,"X") -> 2 | G17: =COUNTIF(G10:G16,"X") -> 2 | H17: =COUNTIF(H10:H16,"X") -> 2 | I17: =SUM(B17:H17) -> 14
A20: Reviewer | B20: Beoordeelt persoon 1 | C20: Beoordeelt persoon 2
A21: Nick | B21: Jurgen | C21: Sahel
A22: Jurgen | B22: Sahel | C22: Robert
A23: Sahel | B23: Robert | C23: Tutai
A24: Robert | B24: Tutai | C24: Irsad
A25: Tutai | B25: Irsad | C25: Bram
A26: Irsad | B26: Bram | C26: Nick
A27: Bram | B27: Nick | C27: Jurgen

Sheet Samenvatting
A1: Samenvatting voortgang en scores
A3: Teamgenoot | B3: Feedback ontvangen | C3: Ingevuld | D3: Open | E3: Gem. samenwerking | F3: Gem. communicatie | G3: Gem. inzet | H3: Opmerking | J3: KPI | K3: Waarde
A4: Nick | B4: =COUNTIF(Feedbackformulier!$B$7:$B$20,A4) -> 2 | C4: =COUNTIFS(Feedbackformulier!$B$7:$B$20,A4,Feedbackformulier!$H$7:$H$20,"<>") -> 2 | D4: =B4-C4 -> 0 | E4: =IFERROR(SUMIFS(Feedbackformulier!$F$7:$F$20,Feedbackformulier!$B$7:$B$20,A4)/COUNTIFS(Feedbackformulier!$B$7:$B$20,A4,Feedbackformulier!$F$7:$F$20,">0"),"") -> 5 | F4: =IFERROR(SUMIFS(Feedbackformulier!$G$7:$G$20,Feedbackformulier!$B$7:$B$20,A4)/COUNTIFS(Feedbackformulier!$B$7:$B$20,A4,Feedbackformulier!$G$7:$G$20,">0"),"") -> 5 | G4: =IFERROR(SUMIFS(Feedbackformulier!$H$7:$H$20,Feedbackformulier!$B$7:$B$20,A4)/COUNTIFS(Feedbackformulier!$B$7:$B$20,A4,Feedbackformulier!$H$7:$H$20,">0"),"") -> 5 | H4: =IF(D4=0,"Compleet","Nog feedback nodig") -> Compleet | J4: Totaal feedbackregels | K4: =COUNTA(Feedbackformulier!$A$7:$A$20) -> 14
A5: Jurgen | B5: =COUNTIF(Feedbackformulier!$B$7:$B$20,A5) -> 2 | C5: =COUNTIFS(Feedbackformulier!$B$7:$B$20,A5,Feedbackformulier!$H$7:$H$20,"<>") -> 2 | D5: =B5-C5 -> 0 | E5: =IFERROR(SUMIFS(Feedbackformulier!$F$7:$F$20,Feedbackformulier!$B$7:$B$20,A5)/COUNTIFS(Feedbackformulier!$B$7:$B$20,A5,Feedbackformulier!$F$7:$F$20,">0"),"") -> 5 | F5: =IFERROR(SUMIFS(Feedbackformulier!$G$7:$G$20,Feedbackformulier!$B$7:$B$20,A5)/COUNTIFS(Feedbackformulier!$B$7:$B$20,A5,Feedbackformulier!$G$7:$G$20,">0"),"") -> 4.5 | G5: =IFERROR(SUMIFS(Feedbackformulier!$H$7:$H$20,Feedbackformulier!$B$7:$B$20,A5)/COUNTIFS(Feedbackformulier!$B$7:$B$20,A5,Feedbackformulier!$H$7:$H$20,">0"),"") -> 5 | H5: =IF(D5=0,"Compleet","Nog feedback nodig") -> Compleet | J5: Ingevuld | K5: =SUM(C4:C10) -> 14
A6: Sahel | B6: =COUNTIF(Feedbackformulier!$B$7:$B$20,A6) -> 2 | C6: =COUNTIFS(Feedbackformulier!$B$7:$B$20,A6,Feedbackformulier!$H$7:$H$20,"<>") -> 2 | D6: =B6-C6 -> 0 | E6: =IFERROR(SUMIFS(Feedbackformulier!$F$7:$F$20,Feedbackformulier!$B$7:$B$20,A6)/COUNTIFS(Feedbackformulier!$B$7:$B$20,A6,Feedbackformulier!$F$7:$F$20,">0"),"") -> 5 | F6: =IFERROR(SUMIFS(Feedbackformulier!$G$7:$G$20,Feedbackformulier!$B$7:$B$20,A6)/COUNTIFS(Feedbackformulier!$B$7:$B$20,A6,Feedbackformulier!$G$7:$G$20,">0"),"") -> 4 | G6: =IFERROR(SUMIFS(Feedbackformulier!$H$7:$H$20,Feedbackformulier!$B$7:$B$20,A6)/COUNTIFS(Feedbackformulier!$B$7:$B$20,A6,Feedbackformulier!$H$7:$H$20,">0"),"") -> 5 | H6: =IF(D6=0,"Compleet","Nog feedback nodig") -> Compleet | J6: Open | K6: =SUM(D4:D10) -> 0
A7: Robert | B7: =COUNTIF(Feedbackformulier!$B$7:$B$20,A7) -> 2 | C7: =COUNTIFS(Feedbackformulier!$B$7:$B$20,A7,Feedbackformulier!$H$7:$H$20,"<>") -> 2 | D7: =B7-C7 -> 0 | E7: =IFERROR(SUMIFS(Feedbackformulier!$F$7:$F$20,Feedbackformulier!$B$7:$B$20,A7)/COUNTIFS(Feedbackformulier!$B$7:$B$20,A7,Feedbackformulier!$F$7:$F$20,">0"),"") -> 4.5 | F7: =IFERROR(SUMIFS(Feedbackformulier!$G$7:$G$20,Feedbackformulier!$B$7:$B$20,A7)/COUNTIFS(Feedbackformulier!$B$7:$B$20,A7,Feedbackformulier!$G$7:$G$20,">0"),"") -> 4.5 | G7: =IFERROR(SUMIFS(Feedbackformulier!$H$7:$H$20,Feedbackformulier!$B$7:$B$20,A7)/COUNTIFS(Feedbackformulier!$B$7:$B$20,A7,Feedbackformulier!$H$7:$H$20,">0"),"") -> 5 | H7: =IF(D7=0,"Compleet","Nog feedback nodig") -> Compleet | J7: Voortgang | K7: =IFERROR(K5/K4,0) -> 1
A8: Tutai | B8: =COUNTIF(Feedbackformulier!$B$7:$B$20,A8) -> 2 | C8: =COUNTIFS(Feedbackformulier!$B$7:$B$20,A8,Feedbackformulier!$H$7:$H$20,"<>") -> 2 | D8: =B8-C8 -> 0 | E8: =IFERROR(SUMIFS(Feedbackformulier!$F$7:$F$20,Feedbackformulier!$B$7:$B$20,A8)/COUNTIFS(Feedbackformulier!$B$7:$B$20,A8,Feedbackformulier!$F$7:$F$20,">0"),"") -> 5 | F8: =IFERROR(SUMIFS(Feedbackformulier!$G$7:$G$20,Feedbackformulier!$B$7:$B$20,A8)/COUNTIFS(Feedbackformulier!$B$7:$B$20,A8,Feedbackformulier!$G$7:$G$20,">0"),"") -> 4 | G8: =IFERROR(SUMIFS(Feedbackformulier!$H$7:$H$20,Feedbackformulier!$B$7:$B$20,A8)/COUNTIFS(Feedbackformulier!$B$7:$B$20,A8,Feedbackformulier!$H$7:$H$20,">0"),"") -> 5 | H8: =IF(D8=0,"Compleet","Nog feedback nodig") -> Compleet
A9: Irsad | B9: =COUNTIF(Feedbackformulier!$B$7:$B$20,A9) -> 2 | C9: =COUNTIFS(Feedbackformulier!$B$7:$B$20,A9,Feedbackformulier!$H$7:$H$20,"<>") -> 2 | D9: =B9-C9 -> 0 | E9: =IFERROR(SUMIFS(Feedbackformulier!$F$7:$F$20,Feedbackformulier!$B$7:$B$20,A9)/COUNTIFS(Feedbackformulier!$B$7:$B$20,A9,Feedbackformulier!$F$7:$F$20,">0"),"") -> 5 | F9: =IFERROR(SUMIFS(Feedbackformulier!$G$7:$G$20,Feedbackformulier!$B$7:$B$20,A9)/COUNTIFS(Feedbackformulier!$B$7:$B$20,A9,Feedbackformulier!$G$7:$G$20,">0"),"") -> 4.5 | G9: =IFERROR(SUMIFS(Feedbackformulier!$H$7:$H$20,Feedbackformulier!$B$7:$B$20,A9)/COUNTIFS(Feedbackformulier!$B$7:$B$20,A9,Feedbackformulier!$H$7:$H$20,">0"),"") -> 5 | H9: =IF(D9=0,"Compleet","Nog feedback nodig") -> Compleet
A10: Bram | B10: =COUNTIF(Feedbackformulier!$B$7:$B$20,A10) -> 2 | C10: =COUNTIFS(Feedbackformulier!$B$7:$B$20,A10,Feedbackformulier!$H$7:$H$20,"<>") -> 2 | D10: =B10-C10 -> 0 | E10: =IFERROR(SUMIFS(Feedbackformulier!$F$7:$F$20,Feedbackformulier!$B$7:$B$20,A10)/COUNTIFS(Feedbackformulier!$B$7:$B$20,A10,Feedbackformulier!$F$7:$F$20,">0"),"") -> 5 | F10: =IFERROR(SUMIFS(Feedbackformulier!$G$7:$G$20,Feedbackformulier!$B$7:$B$20,A10)/COUNTIFS(Feedbackformulier!$B$7:$B$20,A10,Feedbackformulier!$G$7:$G$20,">0"),"") -> 5 | G10: =IFERROR(SUMIFS(Feedbackformulier!$H$7:$H$20,Feedbackformulier!$B$7:$B$20,A10)/COUNTIFS(Feedbackformulier!$B$7:$B$20,A10,Feedbackformulier!$H$7:$H$20,">0"),"") -> 5 | H10: =IF(D10=0,"Compleet","Nog feedback nodig") -> Compleet

Sheet Lijsten
A1: Actieve groepsleden | E1: Scores
A2: Nick | E2: 1
A3: Jurgen | E3: 2
A4: Sahel | E4: 3
A5: Robert | E5: 4
A6: Tutai | E6: 5
A7: Irsad
A8: Bram
